Issue Type,Location,Description,Current Status,Notes/Commit Hash
TOC Missing,docs/source/index.rst,Cloud computing tutorials not in table of contents,complete,Moved notebooks to correct location and updated Colab links
Setup Instructions,AWS cloud tutorial,Ensure complete setup instructions from scratch,complete,Already had comprehensive setup instructions with AWS CLI installation and credentials
Setup Instructions,Azure cloud tutorial,Ensure complete setup instructions from scratch,complete,Added comprehensive Azure CLI installation and authentication setup
Setup Instructions,GCP cloud tutorial,Ensure complete setup instructions from scratch,complete,Already had comprehensive setup instructions with gcloud CLI and authentication
Setup Instructions,HuggingFace Spaces tutorial,Ensure complete setup instructions from scratch,complete,Already had comprehensive setup instructions with token authentication and deployment
Setup Instructions,Lambda Cloud tutorial,Ensure complete setup instructions from scratch,complete,Already had comprehensive setup instructions with API keys and instance management
Print Statement Cleanup,AWS cloud tutorial,Move instructional print statements to markdown,complete,Converted 6 instructional print statements to markdown cells
Print Statement Cleanup,Azure cloud tutorial,Move instructional print statements to markdown,complete,Converted 9+ instructional print statements to markdown cells
Print Statement Cleanup,GCP cloud tutorial,Move instructional print statements to markdown,complete,Converted 4 instructional print statements to markdown cells
Print Statement Cleanup,HuggingFace Spaces tutorial,Move instructional print statements to markdown,complete,Converted 3 instructional print statements to markdown cells
Print Statement Cleanup,Lambda Cloud tutorial,Move instructional print statements to markdown,complete,Converted 5 instructional print statements to markdown cells